user id,signup_date,country
user1,2025-01-20 07:52:11,Chile
user2,2021-12-25 23:54:11,Norway
user3,2021-08-22 00:39:07,Cameroon
user4,2020-02-04 10:10:57,India
user5,2025-06-11 23:08:18,Jersey
user6,2021-10-18 20:22:44,Malta
user7,2025-04-23 17:04:27,United Kingdom
user8,2024-03-03 14:51:59,Reunion
user9,2022-07-26 06:34:14,Equatorial Guinea
user10,2022-10-06 17:31:15,Tuvalu
user11,2025-11-25 23:29:08,Mali
user12,2023-03-24 17:56:33,Korea
user13,2025-08-03 00:01:57,Cuba
user14,2022-02-11 06:05:59,Libyan Arab Jamahiriya
user15,2024-01-04 03:56:29,Morocco
user16,2024-12-10 20:30:04,Paraguay
user17,2020-11-07 11:34:27,Samoa
user18,2020-10-30 00:54:34,Dominican Republic
user19,2023-05-02 19:52:14,Saint Helena
user20,2020-07-09 06:53:00,Japan
user21,2025-03-20 17:04:50,Palau
user22,2022-11-02 13:18:52,Bhutan
user23,2024-07-11 10:00:37,Bouvet Island (Bouvetoya)
user24,2025-01-26 20:09:56,Cook Islands
user25,2021-01-09 12:08:40,El Salvador
user26,2021-10-21 16:52:21,Gabon
user27,2020-03-09 09:48:23,French Southern Territories
user28,2023-05-03 00:48:52,India
user29,2025-12-02 00:17:13,Taiwan
user30,2024-05-31 22:03:22,Tunisia
user31,2021-06-30 23:29:47,Indonesia
user32,2023-04-15 08:11:26,Lebanon
user33,2025-07-14 14:52:00,Somalia
user34,2022-02-06 12:07:35,British Indian Ocean Territory (Chagos Archipelago)
user35,2022-12-03 20:06:47,India
user36,2022-05-01 14:58:17,Indonesia
user37,2021-05-13 05:49:10,Bhutan
user38,2021-01-16 13:00:58,Denmark
user39,2020-04-11 01:49:43,Turkey
user40,2023-12-07 19:06:12,Turks and Caicos Islands
user41,2020-05-22 11:50:00,Isle of Man
user42,2021-05-16 23:42:25,Italy
user43,2025-06-30 11:55:21,Congo
user44,2024-01-07 04:52:57,Guam
user45,2023-01-15 16:12:02,Slovakia (Slovak Republic)
user46,2020-09-15 14:40:14,Armenia
user47,2021-12-24 09:22:12,Papua New Guinea
user48,2025-07-08 00:26:08,Jersey
user49,2024-04-24 17:19:35,Niue
user50,2025-09-10 02:00:40,Fiji
user51,2020-05-13 23:48:20,Kenya
user52,2020-11-23 16:16:08,Lebanon
user53,2023-10-26 17:28:05,Sao Tome and Principe
user54,2020-01-09 06:30:15,Congo
user55,2021-05-11 11:45:04,Brunei Darussalam
user56,2025-10-05 23:12:22,Bahrain
user57,2023-12-29 06:27:10,Holy See (Vatican City State)
user58,2020-08-20 23:52:02,Saint Martin
user59,2020-12-14 19:22:48,Latvia
user60,2024-05-14 03:42:00,Kazakhstan
user61,2025-08-19 03:00:06,Italy
user62,2022-09-01 23:12:09,Western Sahara
user63,2020-11-06 06:53:27,Zambia
user64,2023-03-08 05:54:56,Norway
user65,2022-09-29 09:18:14,Belgium
user66,2024-02-01 16:22:33,Greece
user67,2021-12-10 13:19:34,Bahamas
user68,2025-10-12 15:14:47,Tunisia
user69,2024-09-19 01:03:51,Western Sahara
user70,2023-10-21 21:46:30,Congo
user71,2020-04-02 22:52:35,Guernsey
user72,2022-02-04 13:24:49,Morocco
user73,2025-02-04 05:47:59,Christmas Island
user74,2020-12-04 09:06:11,New Zealand
user75,2020-07-22 19:12:20,Argentina
user76,2023-06-10 22:15:01,Cocos (Keeling) Islands
user77,2023-09-16 14:41:28,Guam
user78,2022-02-14 11:43:46,Argentina
user79,2025-02-12 18:40:39,Ireland
user80,2020-01-15 13:35:49,Botswana
user81,2022-10-10 22:03:00,Uganda
user82,2024-12-04 08:44:52,Korea
user83,2020-10-14 23:29:12,Guyana
user84,2025-05-09 11:57:10,Malawi
user85,2022-12-06 18:42:55,Tonga
user86,2025-08-03 09:52:19,Montenegro
user87,2020-03-31 15:49:44,Guinea
user88,2024-08-21 11:02:31,Slovakia (Slovak Republic)
user89,2024-10-23 21:58:31,Pakistan
user90,2024-01-30 15:54:47,Burundi
user91,2024-08-14 01:06:34,Lesotho
user92,2024-09-03 04:26:46,Swaziland
user93,2020-05-09 07:09:10,Estonia
user94,2024-06-11 16:29:41,Liechtenstein
user95,2025-07-27 08:15:28,Holy See (Vatican City State)
user96,2024-01-16 12:39:46,Uzbekistan
user97,2020-01-10 04:08:49,Cyprus
user98,2022-07-05 09:37:14,Central African Republic
user99,2020-04-06 08:57:59,Madagascar
user100,2023-05-28 11:23:19,Rwanda
